Datetime,Water Level (m)
2025-04-11 06:00:00,-0.15999949
2025-04-11 07:00:00,-0.54031914
2025-04-11 08:00:00,-0.8182424
2025-04-11 09:00:00,-0.90441823
2025-04-11 10:00:00,-0.73201793
2025-04-11 11:00:00,-0.40484452
2025-04-11 12:00:00,0.0058542443
2025-04-11 13:00:00,0.37321478
2025-04-11 14:00:00,0.6057113
2025-04-11 15:00:00,0.73572755
2025-04-11 16:00:00,0.65953803
2025-04-11 17:00:00,0.3057812
2025-04-11 18:00:00,-0.18450704
2025-04-11 19:00:00,-0.61816984
2025-04-11 20:00:00,-0.9098919
2025-04-11 21:00:00,-1.0221483
2025-04-11 22:00:00,-0.87992114
2025-04-11 23:00:00,-0.5580399
2025-04-12 00:00:00,-0.14213225
2025-04-12 01:00:00,0.26796618
2025-04-12 02:00:00,0.5554014
2025-04-12 03:00:00,0.74649215
2025-04-12 04:00:00,0.7847456
2025-04-12 05:00:00,0.53851384
2025-04-12 06:00:00,0.06371057
2025-04-12 07:00:00,-0.3975863
2025-04-12 08:00:00,-0.7449086
2025-04-12 09:00:00,-0.9220471
2025-04-12 10:00:00,-0.84449285
2025-04-12 11:00:00,-0.5639298
2025-04-12 12:00:00,-0.19348978
2025-04-12 13:00:00,0.21599056
2025-04-12 14:00:00,0.50159246
2025-04-12 15:00:00,0.68542093
2025-04-12 16:00:00,0.7105908
2025-04-12 17:00:00,0.467848
2025-04-12 18:00:00,0.0065489053
2025-04-12 19:00:00,-0.46739393
2025-04-12 20:00:00,-0.855295
2025-04-12 21:00:00,-1.07972
2025-04-12 22:00:00,-1.0433015
2025-04-12 23:00:00,-0.74101186
2025-04-13 00:00:00,-0.343828
2025-04-13 01:00:00,0.107064284
2025-04-13 02:00:00,0.47293046
2025-04-13 03:00:00,0.7091597
2025-04-13 04:00:00,0.820025
2025-04-13 05:00:00,0.70619875
2025-04-13 06:00:00,0.30832344
2025-04-13 07:00:00,-0.1952144
2025-04-13 08:00:00,-0.5995726
2025-04-13 09:00:00,-0.881728
2025-04-13 10:00:00,-0.94528776
2025-04-13 11:00:00,-0.7298942
2025-04-13 12:00:00,-0.40576726
2025-04-13 13:00:00,0.0025661397
2025-04-13 14:00:00,0.36598822
2025-04-13 15:00:00,0.61370814
2025-04-13 16:00:00,0.7144049
2025-04-13 17:00:00,0.6017938
2025-04-13 18:00:00,0.1939752
2025-04-13 19:00:00,-0.3023289
2025-04-13 20:00:00,-0.719602
2025-04-13 21:00:00,-1.0009217
2025-04-13 22:00:00,-1.0788754
2025-04-13 23:00:00,-0.89064544
2025-04-14 00:00:00,-0.555732
2025-04-14 01:00:00,-0.108932
2025-04-14 02:00:00,0.3270497
2025-04-14 03:00:00,0.6132369
2025-04-14 04:00:00,0.81372225
2025-04-14 05:00:00,0.8292358
2025-04-14 06:00:00,0.5514258
2025-04-14 07:00:00,0.053211913
2025-04-14 08:00:00,-0.4117654
2025-04-14 09:00:00,-0.7522047
2025-04-14 10:00:00,-0.94640017
2025-04-14 11:00:00,-0.85934263
2025-04-14 12:00:00,-0.5694738
2025-04-14 13:00:00,-0.20460117
2025-04-14 14:00:00,0.18863155
2025-04-14 15:00:00,0.467979
2025-04-14 16:00:00,0.6169108
2025-04-14 17:00:00,0.6098375
2025-04-14 18:00:00,0.32766736
2025-04-14 19:00:00,-0.1555565
2025-04-14 20:00:00,-0.5946311
2025-04-14 21:00:00,-0.9305981
2025-04-14 22:00:00,-1.1227521
2025-04-14 23:00:00,-1.0471475
2025-04-15 00:00:00,-0.73079073
2025-04-15 01:00:00,-0.3150654
2025-04-15 02:00:00,0.123564065
2025-04-15 03:00:00,0.47033703
2025-04-15 04:00:00,0.71283376
2025-04-15 05:00:00,0.8245212
2025-04-15 06:00:00,0.6921953
2025-04-15 07:00:00,0.28087482
2025-04-15 08:00:00,-0.19644618
2025-04-15 09:00:00,-0.57564574
2025-04-15 10:00:00,-0.84923464
2025-04-15 11:00:00,-0.912584
2025-04-15 12:00:00,-0.697631
2025-04-15 13:00:00,-0.38148546
2025-04-15 14:00:00,-0.006131961
2025-04-15 15:00:00,0.32326117
2025-04-15 16:00:00,0.51980966
2025-04-15 17:00:00,0.59070086
2025-04-15 18:00:00,0.42656967
2025-04-15 19:00:00,0.013310349
2025-04-15 20:00:00,-0.42812657
2025-04-15 21:00:00,-0.7915673
2025-04-15 22:00:00,-1.0315983
2025-04-15 23:00:00,-1.068392
2025-04-16 00:00:00,-0.85478926
2025-04-16 01:00:00,-0.50466835
2025-04-16 02:00:00,-0.09404459
2025-04-16 03:00:00,0.28122786
2025-04-16 04:00:00,0.5693728
2025-04-16 05:00:00,0.7604674
2025-04-16 06:00:00,0.76145524
2025-04-16 07:00:00,0.48072392
2025-04-16 08:00:00,0.030437268
2025-04-16 09:00:00,-0.3771473
2025-04-16 10:00:00,-0.6820513
2025-04-16 11:00:00,-0.8477642
2025-04-16 12:00:00,-0.76839155
2025-04-16 13:00:00,-0.5192488
2025-04-16 14:00:00,-0.1962431
2025-04-16 15:00:00,0.13309374
2025-04-16 16:00:00,0.3596238
2025-04-16 17:00:00,0.49132264
2025-04-16 18:00:00,0.44924924
2025-04-16 19:00:00,0.16005242
2025-04-16 20:00:00,-0.2520168
2025-04-16 21:00:00,-0.60701317
2025-04-16 22:00:00,-0.8775797
2025-04-16 23:00:00,-1.0107712
2025-04-17 00:00:00,-0.9372251
2025-04-17 01:00:00,-0.66888714
2025-04-17 02:00:00,-0.29824004
2025-04-17 03:00:00,0.09274224
2025-04-17 04:00:00,0.39872196
2025-04-17 05:00:00,0.63087344
2025-04-17 06:00:00,0.736825
